,final_equity_multiple,max_drawdown
count,500.0,500.0
mean,2.083849944826521,-0.19313028756966472
std,0.6884085788104011,0.05652316148364486
min,0.7786874442241297,-0.4186937160956852
25%,1.5999196598085907,-0.2241109828904349
50%,1.9612702067813146,-0.18578941018658146
75%,2.4343947911372705,-0.15228747431525724
max,5.9275977295193165,-0.09022637017323332
